,Guessed Song,Actual Song
0,Come Together,Come Together
1,Here Comes The Sun,Here Comes The Sun
2,Something,Something
3,Come Together,Come Together
4,Got To Get You Into My Life,Got To Get You Into My Life
5,Let It Be,Let It Be
6,The Ballad Of John And Yoko,The Ballad Of John And Yoko
7,Let It Be,Let It Be
8,Here Comes The Sun,Here Comes The Sun
9,Back In the U.S.S.R.,Back In the U.S.S.R.
10,Birthday,Birthday
11,While My Guitar Gently Weeps,While My Guitar Gently Weeps
12,I've Got A Feeling,A Hard Day's Night
13,Lady Madonna,Lady Madonna
14,Let It Be,Let It Be
15,Come Together,Come Together
16,Magical Mystery Tour,Magical Mystery Tour
17,With a Little Help From My Friends,With a Little Help From My Friends
18,Come Together,Come Together
19,She's Leaving Home,Baby You're A Rich Man
20,Let It Be,Let It Be
21,Golden Slumbers,Golden Slumbers
22,YOUR MOTHER SHOULD KNOW,YOUR MOTHER SHOULD KNOW
23,While My Guitar Gently Weeps,While My Guitar Gently Weeps
24,I Am the Walrus,I Am the Walrus
25,Something,Something
26,A Day In The Life,A Day In The Life
27,Sgt. Pepper's Lonely Hearts Club Band (Reprise),Yellow Submarine
28,Eight Days A Week,Eight Days A Week
29,Get Back,Get Back
30,Come Together,Come Together
31,Magical Mystery Tour,I Feel Fine
32,Get Back,Get Back
33,Hey Jude,Hey Jude
34,A Day In The Life,A Day In The Life
35,I'm A Loser,YOUR MOTHER SHOULD KNOW
36,A Day In The Life,A Day In The Life
37,Lucy In The Sky With Diamonds,Lucy In The Sky With Diamonds
38,Get Back,Get Back
39,I Am the Walrus,I Am the Walrus
40,Revolution,Revolution
41,Love Me Do,LITTLE CHILD
42,Things We Said Today,Things We Said Today
43,Get Back,Get Back
44,Let It Be,Let It Be
45,Here Comes The Sun,Here Comes The Sun
46,Get Back,Get Back
47,Lucy In The Sky With Diamonds,Lucy In The Sky With Diamonds
48,Revolution,Revolution
49,Helter Skelter,Helter Skelter
50,Here Comes The Sun,Here Comes The Sun
51,I Saw Her Standing There,All You Need Is Love
52,Revolution,Revolution
53,Ticket to Ride,IN MY LIFE
54,With a Little Help From My Friends,We Can Work It Out
55,I Want You (She's So Heavy),Fixing A Hole
56,Come Together,Come Together
57,Come Together,Come Together
58,Hello Goodbye,Hello Goodbye
59,Let It Be,Let It Be
60,Birthday,Birthday
61,All My Loving,All My Loving
62,While My Guitar Gently Weeps,While My Guitar Gently Weeps
63,Hey Jude,Hey Jude
64,Back In the U.S.S.R.,Back In the U.S.S.R.
65,Get Back,Get Back
66,Let It Be,Let It Be
67,ANYTIME AT ALL,Everybody's Got Something To Hide Except Me And My Monk
68,Come Together,Come Together
69,Revolution,Revolution
70,Eleanor Rigby,Eleanor Rigby
71,Here Comes The Sun,Here Comes The Sun
72,Let It Be,Let It Be
73,Revolution,Revolution
74,Hello Goodbye,Hello Goodbye
75,While My Guitar Gently Weeps,While My Guitar Gently Weeps
76,Paperback Writer,Paperback Writer
77,Revolution,Revolution
78,A Day In The Life,A Day In The Life
79,Come Together,Come Together
80,Back In the U.S.S.R.,Back In the U.S.S.R.
81,Yellow Submarine,Sgt. Pepper's Lonely Hearts Club Band (Reprise)
82,Magical Mystery Tour,I Feel Fine
83,A Day In The Life,A Day In The Life
84,Back In the U.S.S.R.,Back In the U.S.S.R.
85,I've Got A Feeling,Sgt. Pepper's Lonely Hearts Club Band (Reprise)
86,With a Little Help From My Friends,We Can Work It Out
87,Wild Honey Pie,I've Just Seen A Face
88,Come Together,Come Together
89,Come Together,Come Together
90,A Day In The Life,A Day In The Life
91,Hello Goodbye,Hello Goodbye
92,Revolution,Revolution
93,Magical Mystery Tour,Magical Mystery Tour
94,Get Back,Get Back
95,A Day In The Life,A Day In The Life
96,Let It Be,Let It Be
97,Across The Universe,Across The Universe
98,Hey Jude,Hey Jude
99,IT WON'T BE LONG,Getting Better
100,Come Together,Come Together
101,Revolution,Revolution
102,I Want You (She's So Heavy),I Want To Hold Your Hand
103,Come Together,Come Together
104,Something,Something
105,Got To Get You Into My Life,Got To Get You Into My Life
106,She's Leaving Home,Baby You're A Rich Man
107,Strawberry Fields Forever,Strawberry Fields Forever
108,Getting Better,IT WON'T BE LONG
109,Get Back,Get Back
110,While My Guitar Gently Weeps,While My Guitar Gently Weeps
111,Yesterday,Yesterday
112,Revolution,Revolution
113,A Day In The Life,A Day In The Life
114,Reprise / Day in the Life,Reprise / Day in the Life
115,Revolution,Revolution
116,Lucy In The Sky With Diamonds,Lucy In The Sky With Diamonds
117,A Day In The Life,A Day In The Life
118,Get Back,Get Back
119,Come Together,Come Together
120,While My Guitar Gently Weeps,While My Guitar Gently Weeps
121,With a Little Help From My Friends,We Can Work It Out
122,Here Comes The Sun,Here Comes The Sun
123,Come Together,Come Together
124,Roll Over Beethoven,Lovely Rita
125,With a Little Help From My Friends,We Can Work It Out
126,Lucy In The Sky With Diamonds,Lucy In The Sky With Diamonds
127,Let It Be,Let It Be
128,Here Comes The Sun,Here Comes The Sun
129,Let It Be,Let It Be
130,With a Little Help From My Friends,We Can Work It Out
131,Magical Mystery Tour,I Feel Fine
132,Paperback Writer,Paperback Writer
133,Revolution,Revolution
134,Let It Be,Let It Be
135,While My Guitar Gently Weeps,While My Guitar Gently Weeps
136,Revolution,Revolution
137,Here Comes The Sun,Here Comes The Sun
138,Eleanor Rigby,Eleanor Rigby
139,Get Back,Get Back
140,OH DARLING,OH DARLING
141,I Am the Walrus,I Am the Walrus
142,Strawberry Fields Forever,Strawberry Fields Forever
143,Reprise / Day in the Life,Reprise / Day in the Life
144,Here Comes The Sun,Here Comes The Sun
145,We Can Work It Out,With a Little Help From My Friends
146,Eleanor Rigby,Eleanor Rigby
147,Come Together,Come Together
148,Magical Mystery Tour,I Feel Fine
149,Back In the U.S.S.R.,Back In the U.S.S.R.
150,While My Guitar Gently Weeps,While My Guitar Gently Weeps
151,Eight Days A Week,Can't Buy Me Love
152,Come Together,Come Together
153,I Want To Hold Your Hand,Rocky Raccoon
154,Hey Jude,Hey Jude
155,Let It Be,Let It Be
156,OH DARLING,OH DARLING
157,Penny Lane,Penny Lane
158,Magical Mystery Tour,Magical Mystery Tour
159,Strawberry Fields Forever,Strawberry Fields Forever
160,Come Together,Come Together
161,We Can Work It Out,We Can Work It Out
162,Reprise / Day in the Life,Reprise / Day in the Life
163,Get Back,Get Back
164,Come Together,Come Together
165,Revolution,Revolution
166,Lovely Rita,Roll Over Beethoven
167,With a Little Help From My Friends,With a Little Help From My Friends
168,Come Together,Come Together
169,A Day In The Life,A Day In The Life
170,With a Little Help From My Friends,With a Little Help From My Friends
171,Revolution,Revolution
172,Lucy In The Sky With Diamonds,Lucy In The Sky With Diamonds
173,Yesterday,Yesterday
174,Get Back,Get Back
175,Birthday,Birthday
176,Hello Goodbye,Hello Goodbye
177,Hello Goodbye,Hello Goodbye
178,Get Back,Get Back
179,Can't Buy Me Love,Eight Days A Week
180,Let It Be,Let It Be
181,Let It Be,Let It Be
182,We Can Work It Out,With a Little Help From My Friends
183,I Am the Walrus,I Am the Walrus
184,Help!,IN MY LIFE
185,"Ob-la-di, Ob-la-da","Ob-la-di, Ob-la-da"
186,I've Got A Feeling,Sgt. Pepper's Lonely Hearts Club Band (Reprise)
187,Hello Goodbye,Hello Goodbye
188,Back In the U.S.S.R.,Back In the U.S.S.R.
189,Ticket to Ride,Ticket to Ride
190,Get Back,Get Back
191,Birthday,Birthday
192,Strawberry Fields Forever,Strawberry Fields Forever
193,Here Comes The Sun,Here Comes The Sun
194,Come Together,Come Together
195,Blackbird,Blackbird
196,Revolution,Revolution
197,Hello Goodbye,Hello Goodbye
198,Here Comes The Sun,Here Comes The Sun
199,IN MY LIFE,IN MY LIFE
200,Sgt. Pepper's Lonely Hearts Club Band (Reprise),Sgt. Pepper's Lonely Hearts Club Band (Reprise)
201,Lucy In The Sky With Diamonds,Lucy In The Sky With Diamonds
202,I've Got A Feeling,A Hard Day's Night
203,Revolution,Revolution
204,Eight Days A Week,Can't Buy Me Love
205,Sgt. Pepper's Lonely Hearts Club Band,Please Please Me
206,Let It Be,Let It Be
207,Get Back,Get Back
208,Come Together,Come Together
209,BAD BOY,You Never Give Me Your Money
210,Hello Goodbye,Hello Goodbye
211,"Ob-la-di, Ob-la-da","Ob-la-di, Ob-la-da"
212,Eight Days A Week,Can't Buy Me Love
213,Hey Jude,Hey Jude
214,Revolution,Revolution
215,Norwegian Wood,Everybody's Got Something To Hide Except Me And My Monk
216,Revolution,Revolution
217,Hello Goodbye,Hello Goodbye
218,With a Little Help From My Friends,With a Little Help From My Friends
219,Helter Skelter,Helter Skelter
220,OH DARLING,OH DARLING
221,A Day In The Life,A Day In The Life
222,Lady Madonna,Lady Madonna
223,Get Back,Get Back
224,Magical Mystery Tour,I Feel Fine
225,Yesterday,Yesterday
226,While My Guitar Gently Weeps,While My Guitar Gently Weeps
227,Revolution,Revolution
228,OH DARLING,OH DARLING
229,Revolution,Revolution
230,Yesterday,Yesterday
231,The Ballad Of John And Yoko,The Ballad Of John And Yoko
232,Get Back,Get Back
233,Here Comes The Sun,Here Comes The Sun
234,I Saw Her Standing There,All You Need Is Love
235,Here Comes The Sun,Here Comes The Sun
236,Penny Lane,Penny Lane
237,Let It Be,Let It Be
238,Eleanor Rigby,Eleanor Rigby
239,Hello Goodbye,Hello Goodbye
240,Got To Get You Into My Life,Got To Get You Into My Life
241,Come Together,Come Together
242,Here Comes The Sun,Here Comes The Sun
243,Let It Be,Let It Be
244,Back In the U.S.S.R.,Back In the U.S.S.R.
245,Come Together,Come Together
246,Let It Be,Let It Be
247,Revolution,Revolution
248,Yesterday,Yesterday
249,Get Back,Get Back
250,Eleanor Rigby,Eleanor Rigby
251,Revolution,Revolution
252,Revolution,Revolution
253,All You Need Is Love,I'm Down
254,Penny Lane,Penny Lane
255,Revolution,Revolution
256,Revolution,Revolution
257,We Can Work It Out,With a Little Help From My Friends
258,Back In the U.S.S.R.,Back In the U.S.S.R.
259,Get Back,Get Back
260,With a Little Help From My Friends,We Can Work It Out
261,A Day In The Life,A Day In The Life
262,Hello Goodbye,Hello Goodbye
263,Here Comes The Sun,Here Comes The Sun
264,Day Tripper,Two Of Us
265,Get Back,Get Back
266,Revolution,Revolution
267,Maxwell's Silver Hammer,You Never Give Me Your Money
268,Get Back,Get Back
269,Magical Mystery Tour,I Feel Fine
270,Birthday,Birthday
271,While My Guitar Gently Weeps,While My Guitar Gently Weeps
272,Magical Mystery Tour,I Feel Fine
273,Drive My Car,Drive My Car
274,I've Got A Feeling,Sgt. Pepper's Lonely Hearts Club Band (Reprise)
275,Hello Goodbye,Hello Goodbye
276,We Can Work It Out,We Can Work It Out
277,While My Guitar Gently Weeps,While My Guitar Gently Weeps
278,Don't Let Me Down,Please Please Me
279,We Can Work It Out,We Can Work It Out
280,Sgt. Pepper's Lonely Hearts Club Band (Reprise),Helter Skelter
281,Back In the U.S.S.R.,Back In the U.S.S.R.
282,Lovely Rita,Across The Universe
283,We Can Work It Out,With a Little Help From My Friends
284,Hey Jude,Hey Jude
285,Come Together,Come Together
286,A Day In The Life,A Day In The Life
287,I Am the Walrus,I Am the Walrus
288,Come Together,Come Together
289,Back In the U.S.S.R.,Back In the U.S.S.R.
290,Reprise / Day in the Life,Reprise / Day in the Life
291,Two Of Us,Two Of Us
292,Drive My Car,Drive My Car
293,A Day In The Life,A Day In The Life
294,Let It Be,Let It Be
295,Something,Something
296,Revolution,Revolution
297,Got To Get You Into My Life,Got To Get You Into My Life
298,Lucy In The Sky With Diamonds,Lucy In The Sky With Diamonds
299,Get Back,Get Back
300,I Saw Her Standing There,Wild Honey Pie
301,Got To Get You Into My Life,Got To Get You Into My Life
302,With a Little Help From My Friends,With a Little Help From My Friends
303,Come Together,Come Together
304,The Word,Roll Over Beethoven
305,Maxwell's Silver Hammer,Maxwell's Silver Hammer
306,Let It Be,Let It Be
307,Birthday,Birthday
308,Come Together,Come Together
309,Birthday,Birthday
310,Get Back,Get Back
311,Revolution,Revolution
312,Day Tripper,Sgt. Pepper Inner Groove
313,Here Comes The Sun,Here Comes The Sun
314,Eleanor Rigby,Eleanor Rigby
315,While My Guitar Gently Weeps,While My Guitar Gently Weeps
316,Hey Jude,Hey Jude
317,A Day In The Life,A Day In The Life
318,We Can Work It Out,We Can Work It Out
319,While My Guitar Gently Weeps,While My Guitar Gently Weeps
320,Hello Goodbye,Hello Goodbye
321,All You Need Is Love,Wild Honey Pie
322,Hey Jude,Hey Jude
323,Reprise / Day in the Life,Reprise / Day in the Life
324,Here Comes The Sun,Here Comes The Sun
325,Drive My Car,Drive My Car
326,Wild Honey Pie,Wild Honey Pie
327,I Saw Her Standing There,I Saw Her Standing There
328,Strawberry Fields Forever,Strawberry Fields Forever
329,Maxwell's Silver Hammer,BAD BOY
330,Let It Be,Let It Be
331,Hey Jude,Hey Jude
332,Here Comes The Sun,Here Comes The Sun
333,A Day In The Life,A Day In The Life
334,Get Back,Get Back
335,Lucy In The Sky With Diamonds,Lucy In The Sky With Diamonds
336,Come Together,Come Together
337,Come Together,Come Together
338,Come Together,Come Together
339,Let It Be,Let It Be
340,Hey Jude,Hey Jude
341,While My Guitar Gently Weeps,While My Guitar Gently Weeps
342,I've Got A Feeling,Yellow Submarine
343,Here Comes The Sun,Here Comes The Sun
344,A Day In The Life,A Day In The Life
345,Come Together,Come Together
346,Get Back,Get Back
347,Birthday,Birthday
348,Lady Madonna,Lady Madonna
349,Come Together,Come Together
350,Revolution,Revolution
351,A Day In The Life,A Day In The Life
352,Help!,Help!
353,Lucy In The Sky With Diamonds,Lucy In The Sky With Diamonds
354,Get Back,Get Back
355,Come Together,Come Together
356,Twist and Shout,Penny Lane
357,Revolution,Revolution
358,Come Together,Come Together
359,Eleanor Rigby,Eleanor Rigby
360,We Can Work It Out,With a Little Help From My Friends
361,Penny Lane,Penny Lane
362,And Your Bird Can Sing,The Fool On The Hill
363,I Feel Fine,I Feel Fine
364,Sgt. Pepper's Lonely Hearts Club Band (Reprise),Yellow Submarine
365,Revolution,Revolution
366,I've Just Seen A Face,I've Just Seen A Face
367,Get Back,Get Back
368,Ticket to Ride,Ticket to Ride
369,Come Together,Come Together
370,Get Back,Get Back
371,The Ballad Of John And Yoko,The Ballad Of John And Yoko
372,Here Comes The Sun,Here Comes The Sun
373,The Word,Good Day Sunshine
374,Get Back,Get Back
375,A Day In The Life,A Day In The Life
376,While My Guitar Gently Weeps,While My Guitar Gently Weeps
377,A Day In The Life,A Day In The Life
378,Revolution,Revolution
379,I've Got A Feeling,A Hard Day's Night
380,Hey Jude,Hey Jude
381,The Fool On The Hill,Fixing A Hole
382,Please Please Me,Sgt. Pepper's Lonely Hearts Club Band
383,Hey Jude,Hey Jude
384,Come Together,Come Together
385,The Fool On The Hill,The Fool On The Hill
386,Something,Something
387,Come Together,Come Together
388,Revolution,Revolution
389,Something,Something
390,With a Little Help From My Friends,With a Little Help From My Friends
391,Come Together,Come Together
392,Get Back,Get Back
393,"Ob-la-di, Ob-la-da","Ob-la-di, Ob-la-da"
394,We Can Work It Out,We Can Work It Out
395,Yesterday,Yesterday
396,Yesterday,Yesterday
397,Back In the U.S.S.R.,Back In the U.S.S.R.
398,The Word,Lovely Rita
399,Get Back,Get Back
400,Hello Goodbye,Hello Goodbye
401,Helter Skelter,Helter Skelter
402,IN MY LIFE,IN MY LIFE
403,Come Together,Come Together
404,Get Back,Get Back
405,I Am the Walrus,I Am the Walrus
406,Revolution,Revolution
407,Sgt. Pepper's Lonely Hearts Club Band (Reprise),Yellow Submarine
408,Eleanor Rigby,Eleanor Rigby
409,Strawberry Fields Forever,Strawberry Fields Forever
410,A Day In The Life,A Day In The Life
411,Lucy In The Sky With Diamonds,Lucy In The Sky With Diamonds
412,Come Together,Come Together
413,Come Together,Come Together
414,Two Of Us,Sgt. Pepper Inner Groove
415,Revolution,Revolution
416,Here Comes The Sun,Here Comes The Sun
417,Revolution,Revolution
418,Come Together,Come Together
419,OH DARLING,OH DARLING
420,Don't Let Me Down,Sun King
421,Eleanor Rigby,Eleanor Rigby
422,Come Together,Come Together
423,Come Together,Come Together
424,I've Got A Feeling,Yellow Submarine
425,Here Comes The Sun,Here Comes The Sun
426,Yesterday,Yesterday
427,Come Together,Come Together
428,Come Together,Come Together
429,Come Together,Come Together
430,While My Guitar Gently Weeps,While My Guitar Gently Weeps
431,Eleanor Rigby,Eleanor Rigby
432,Get Back,Get Back
433,Eleanor Rigby,Eleanor Rigby
434,Birthday,Birthday
435,Let It Be,Let It Be
436,Get Back,Get Back
437,While My Guitar Gently Weeps,While My Guitar Gently Weeps
438,Revolution,Revolution
439,Back In the U.S.S.R.,Back In the U.S.S.R.
440,Come Together,Come Together
441,Yesterday,Yesterday
442,A Day In The Life,A Day In The Life
443,I've Got A Feeling,A Hard Day's Night
444,Revolution,Revolution
445,Hello Goodbye,Hello Goodbye
446,Here Comes The Sun,Here Comes The Sun
447,Back In the U.S.S.R.,Back In the U.S.S.R.
448,Get Back,Get Back
449,Let It Be,Let It Be
450,Come Together,Come Together
451,Magical Mystery Tour,Magical Mystery Tour
452,Get Back,Get Back
453,Hey Jude,Hey Jude
454,Lucy In The Sky With Diamonds,Lucy In The Sky With Diamonds
455,A Day In The Life,A Day In The Life
456,Here Comes The Sun,Here Comes The Sun
457,Lucy In The Sky With Diamonds,Lucy In The Sky With Diamonds
458,Here Comes The Sun,Here Comes The Sun
459,You Never Give Me Your Money,You Never Give Me Your Money
460,A Day In The Life,A Day In The Life
461,Revolution,Revolution
462,Birthday,Birthday
463,Get Back,Get Back
464,Come Together,Come Together
465,I Want To Hold Your Hand,I Want To Hold Your Hand
466,Lady Madonna,Lady Madonna
467,SHE'S A WOMAN,Please Please Me
468,Revolution,Revolution
469,Revolution,Revolution
470,Reprise / Day in the Life,Reprise / Day in the Life
471,Let It Be,Let It Be
472,Sun King,Don't Let Me Down
473,Wild Honey Pie,Wild Honey Pie
474,Twist and Shout,Penny Lane
475,A Day In The Life,A Day In The Life
476,Lady Madonna,Golden Slumbers
477,Eleanor Rigby,Eleanor Rigby
478,Revolution,Revolution
479,NOWHERE MAN,The Word
480,Eleanor Rigby,Eleanor Rigby
481,Maxwell's Silver Hammer,BAD BOY
482,Reprise / Day in the Life,Reprise / Day in the Life
483,Revolution,Revolution
484,Lucy In The Sky With Diamonds,Lucy In The Sky With Diamonds
485,Come Together,Come Together
486,Revolution,Revolution
487,Got To Get You Into My Life,Got To Get You Into My Life
488,Come Together,Come Together
489,Strawberry Fields Forever,Strawberry Fields Forever
490,Wild Honey Pie,All You Need Is Love
491,Eleanor Rigby,Eleanor Rigby
492,"Ob-la-di, Ob-la-da","Ob-la-di, Ob-la-da"
493,Come Together,Come Together
494,Get Back,Get Back
495,Come Together,Come Together
496,Hello Goodbye,Hello Goodbye
497,Eight Days A Week,Can't Buy Me Love
498,A Day In The Life,A Day In The Life
499,OH DARLING,OH DARLING
500,Yesterday,Yesterday
501,A Day In The Life,A Day In The Life
502,Here Comes The Sun,Here Comes The Sun
503,Ticket to Ride,Ticket to Ride
504,Let It Be,Let It Be
505,OH DARLING,OH DARLING
506,Birthday,Birthday
507,Back In the U.S.S.R.,Back In the U.S.S.R.
508,Please Please Me,Sgt. Pepper's Lonely Hearts Club Band
509,Get Back,Get Back
510,Lucy In The Sky With Diamonds,Lucy In The Sky With Diamonds
511,IN MY LIFE,IN MY LIFE
512,Come Together,Come Together
513,The Fool On The Hill,The Fool On The Hill
514,A Day In The Life,A Day In The Life
515,Come Together,Come Together
516,Strawberry Fields Forever,Strawberry Fields Forever
517,Let It Be,Let It Be
518,Birthday,Birthday
519,A Day In The Life,A Day In The Life
520,Get Back,Get Back
521,ANYTIME AT ALL,Norwegian Wood
522,Back In the U.S.S.R.,Back In the U.S.S.R.
523,Come Together,Come Together
524,Revolution,Revolution
525,We Can Work It Out,With a Little Help From My Friends
526,Revolution,Revolution
527,Come Together,Come Together
528,Hello Goodbye,Hello Goodbye
529,Revolution,Revolution
530,Come Together,Come Together
531,Come Together,Come Together
532,A Day In The Life,A Day In The Life
533,"Ob-la-di, Ob-la-da","Ob-la-di, Ob-la-da"
534,Revolution,Revolution
535,Two Of Us,Things We Said Today
536,Get Back,Get Back
537,Lucy In The Sky With Diamonds,Lucy In The Sky With Diamonds
538,We Can Work It Out,We Can Work It Out
539,And Your Bird Can Sing,The Fool On The Hill
540,All My Loving,Golden Slumbers
541,Ticket to Ride,Ticket to Ride
542,Here Comes The Sun,Here Comes The Sun
543,Can't Buy Me Love,Can't Buy Me Love
544,Blackbird,Blackbird
545,Hey Jude,Hey Jude
546,Can't Buy Me Love,Can't Buy Me Love
547,Got To Get You Into My Life,Got To Get You Into My Life
548,Lucy In The Sky With Diamonds,Lucy In The Sky With Diamonds
549,Revolution,Revolution
550,Sgt. Pepper's Lonely Hearts Club Band,Sun King
551,Yesterday,Yesterday
552,Back In the U.S.S.R.,Back In the U.S.S.R.
553,While My Guitar Gently Weeps,While My Guitar Gently Weeps
554,A Day In The Life,A Day In The Life
555,Come Together,Come Together
556,While My Guitar Gently Weeps,While My Guitar Gently Weeps
557,While My Guitar Gently Weeps,While My Guitar Gently Weeps
558,Hello Goodbye,Hello Goodbye
559,Golden Slumbers,Lady Madonna
560,Hello Goodbye,Hello Goodbye
561,Hey Jude,Hey Jude
562,Sgt. Pepper's Lonely Hearts Club Band (Reprise),A Hard Day's Night
563,A Day In The Life,A Day In The Life
564,Birthday,Birthday
565,Sun King,Sun King
566,Come Together,Come Together
567,Revolution,Revolution
568,Revolution,Revolution
569,Let It Be,Let It Be
570,Reprise / Day in the Life,Reprise / Day in the Life
571,Revolution,Revolution
572,Come Together,Come Together
573,Golden Slumbers,Lady Madonna
574,Get Back,Get Back
575,Blackbird,Blackbird
576,Here Comes The Sun,Here Comes The Sun
577,Hello Goodbye,Hello Goodbye
578,Something,Something
579,Get Back,Get Back
580,Let It Be,Let It Be
581,Let It Be,Let It Be
582,Come Together,Come Together
583,Come Together,Come Together
584,A Day In The Life,A Day In The Life
585,OH DARLING,OH DARLING
586,Come Together,Come Together
587,Revolution,Revolution
588,Come Together,Come Together
589,Revolution,Revolution
590,IN MY LIFE,IN MY LIFE
591,Yesterday,Yesterday
592,Something,Something
593,Come Together,Come Together
594,Here Comes The Sun,Here Comes The Sun
595,"Ob-la-di, Ob-la-da","Ob-la-di, Ob-la-da"
596,Magical Mystery Tour,Magical Mystery Tour
597,Back In the U.S.S.R.,Back In the U.S.S.R.
598,Get Back,Get Back
599,Back In the U.S.S.R.,Back In the U.S.S.R.
600,Yesterday,Yesterday
601,Revolution,Revolution
602,With a Little Help From My Friends,We Can Work It Out
603,Come Together,Come Together
604,While My Guitar Gently Weeps,While My Guitar Gently Weeps
605,While My Guitar Gently Weeps,While My Guitar Gently Weeps
606,Hey Jude,Hey Jude
607,Wild Honey Pie,I've Just Seen A Face
608,Ticket to Ride,Ticket to Ride
609,Here Comes The Sun,Here Comes The Sun
610,While My Guitar Gently Weeps,While My Guitar Gently Weeps
611,"Ob-la-di, Ob-la-da","Ob-la-di, Ob-la-da"
612,Here Comes The Sun,Here Comes The Sun
613,Back In the U.S.S.R.,Back In the U.S.S.R.
614,Eleanor Rigby,Eleanor Rigby
615,Revolution,Revolution
616,Hello Goodbye,Hello Goodbye
617,Lady Madonna,Lady Madonna
618,I've Got A Feeling,Sgt. Pepper's Lonely Hearts Club Band (Reprise)
619,"Ob-la-di, Ob-la-da","Ob-la-di, Ob-la-da"
620,Let It Be,Let It Be
621,Help!,Help!
622,OH DARLING,OH DARLING
623,While My Guitar Gently Weeps,While My Guitar Gently Weeps
624,Hey Jude,Hey Jude
625,Strawberry Fields Forever,Strawberry Fields Forever
626,Hello Goodbye,Hello Goodbye
627,Sgt. Pepper Inner Groove,Things We Said Today
628,A Day In The Life,A Day In The Life
629,Rocky Raccoon,And Your Bird Can Sing
630,Magical Mystery Tour,I Feel Fine
631,Come Together,Come Together
632,Let It Be,Let It Be
633,Got To Get You Into My Life,Got To Get You Into My Life
634,Helter Skelter,Helter Skelter
635,Eleanor Rigby,Eleanor Rigby
636,Let It Be,Let It Be
637,Eight Days A Week,Can't Buy Me Love
638,Let It Be,Let It Be
639,Things We Said Today,Day Tripper
640,With a Little Help From My Friends,We Can Work It Out
641,Eleanor Rigby,Eleanor Rigby
642,She's Leaving Home,I'm A Loser
643,Maxwell's Silver Hammer,You Never Give Me Your Money
644,Come Together,Come Together
645,With a Little Help From My Friends,With a Little Help From My Friends
646,Lucy In The Sky With Diamonds,Lucy In The Sky With Diamonds
647,Eleanor Rigby,Eleanor Rigby
648,Lady Madonna,Lady Madonna
649,Get Back,Get Back
650,Hello Goodbye,Hello Goodbye
651,A Day In The Life,A Day In The Life
652,We Can Work It Out,We Can Work It Out
653,Get Back,Get Back
654,"Ob-la-di, Ob-la-da","Ob-la-di, Ob-la-da"
655,A Day In The Life,A Day In The Life
656,Lucy In The Sky With Diamonds,Lucy In The Sky With Diamonds
657,Let It Be,Let It Be
658,A Day In The Life,A Day In The Life
659,Here Comes The Sun,Here Comes The Sun
660,Drive My Car,Drive My Car
661,Birthday,Birthday
662,Come Together,Come Together
663,Let It Be,Let It Be
664,A Day In The Life,A Day In The Life
665,While My Guitar Gently Weeps,While My Guitar Gently Weeps
666,Get Back,Get Back
667,Help!,Help!
668,Hey Jude,Hey Jude
669,Sgt. Pepper Inner Groove,Sgt. Pepper Inner Groove
670,Got To Get You Into My Life,Got To Get You Into My Life
671,She's Leaving Home,She's Leaving Home
672,Yesterday,Yesterday
673,Something,Something
674,Got To Get You Into My Life,Got To Get You Into My Life
675,Revolution,Revolution
676,A Day In The Life,A Day In The Life
677,While My Guitar Gently Weeps,While My Guitar Gently Weeps
678,Revolution,Revolution
679,Lady Madonna,Lady Madonna
680,While My Guitar Gently Weeps,While My Guitar Gently Weeps
681,Revolution,Revolution
682,Come Together,Come Together
683,Revolution,Revolution
684,Revolution,Revolution
685,Hello Goodbye,Hello Goodbye
686,Magical Mystery Tour,I Feel Fine
687,Get Back,Get Back
688,Hello Goodbye,Hello Goodbye
689,Eleanor Rigby,Eleanor Rigby
690,Help!,Help!
691,Golden Slumbers,Golden Slumbers
692,With a Little Help From My Friends,We Can Work It Out
693,Wild Honey Pie,I Saw Her Standing There
694,Hey Jude,Hey Jude
695,Hey Jude,Hey Jude
696,Eleanor Rigby,Eleanor Rigby
697,Come Together,Come Together
698,Twist and Shout,Penny Lane
699,Reprise / Day in the Life,Reprise / Day in the Life
700,Hello Goodbye,Hello Goodbye
701,Revolution,Revolution
702,Eleanor Rigby,Eleanor Rigby
703,ROCK AND ROLL MUSIC,GIRL
704,Lucy In The Sky With Diamonds,Lucy In The Sky With Diamonds
705,Come Together,Come Together
706,ANYTIME AT ALL,Norwegian Wood
707,Revolution,Revolution
708,Here Comes The Sun,Here Comes The Sun
709,I Am the Walrus,I Am the Walrus
710,Come Together,Come Together
711,Something,Something
712,Reprise / Day in the Life,Reprise / Day in the Life
713,Revolution,Revolution
714,Let It Be,Let It Be
715,Lucy In The Sky With Diamonds,Lucy In The Sky With Diamonds
716,Strawberry Fields Forever,Strawberry Fields Forever
717,"Ob-la-di, Ob-la-da","Ob-la-di, Ob-la-da"
718,Come Together,Come Together
719,Back In the U.S.S.R.,Back In the U.S.S.R.
720,Get Back,Get Back
721,OH DARLING,OH DARLING
722,Come Together,Come Together
723,Hey Jude,Hey Jude
724,Get Back,Get Back
725,Let It Be,Let It Be
726,Get Back,Get Back
727,Come Together,Come Together
728,With a Little Help From My Friends,We Can Work It Out
729,A Day In The Life,A Day In The Life
730,Revolution,Revolution
731,Let It Be,Let It Be
732,Hey Jude,Hey Jude
733,Eleanor Rigby,Eleanor Rigby
734,Get Back,Get Back
735,A Day In The Life,A Day In The Life
736,Revolution,Revolution
737,Hello Goodbye,Hello Goodbye
738,Come Together,Come Together
739,Birthday,Birthday
740,Eleanor Rigby,Eleanor Rigby
741,Here Comes The Sun,Here Comes The Sun
742,Revolution,Revolution
743,Ticket to Ride,IN MY LIFE
744,Revolution,Revolution
745,Revolution,Revolution
746,Lucy In The Sky With Diamonds,Lucy In The Sky With Diamonds
747,Revolution,Revolution
748,Revolution,Revolution
749,Helter Skelter,Helter Skelter
750,Come Together,Come Together
751,I Want To Hold Your Hand,The Fool On The Hill
752,Birthday,Birthday
753,Get Back,Get Back
754,Get Back,Get Back
755,Sgt. Pepper's Lonely Hearts Club Band,Please Please Me
756,"Ob-la-di, Ob-la-da","Ob-la-di, Ob-la-da"
757,Sgt. Pepper's Lonely Hearts Club Band (Reprise),Sgt. Pepper's Lonely Hearts Club Band (Reprise)
758,I Saw Her Standing There,I've Just Seen A Face
759,Here Comes The Sun,Here Comes The Sun
760,Revolution,Revolution
761,OH DARLING,OH DARLING
762,Can't Buy Me Love,Eight Days A Week
763,Revolution,Revolution
764,Strawberry Fields Forever,Strawberry Fields Forever
765,While My Guitar Gently Weeps,While My Guitar Gently Weeps
766,Come Together,Come Together
767,Eleanor Rigby,Eleanor Rigby
768,Ticket to Ride,Ticket to Ride
769,Come Together,Come Together
770,Back In the U.S.S.R.,Back In the U.S.S.R.
771,While My Guitar Gently Weeps,While My Guitar Gently Weeps
772,Hey Jude,Hey Jude
773,Come Together,Come Together
774,I Am the Walrus,I Am the Walrus
775,Dear Prudence,Norwegian Wood
776,Revolution,Revolution
777,Eleanor Rigby,Eleanor Rigby
778,Get Back,Get Back
779,Hello Goodbye,Hello Goodbye
780,Revolution,Revolution
781,Hello Goodbye,Hello Goodbye
782,Come Together,Come Together
783,"Ob-la-di, Ob-la-da","Ob-la-di, Ob-la-da"
784,Something,Something
785,Hello Goodbye,Hello Goodbye
786,YOUR MOTHER SHOULD KNOW,YOUR MOTHER SHOULD KNOW
787,Reprise / Day in the Life,Reprise / Day in the Life
788,Can't Buy Me Love,Can't Buy Me Love
789,Here Comes The Sun,Here Comes The Sun
790,A Day In The Life,A Day In The Life
791,With a Little Help From My Friends,With a Little Help From My Friends
792,Here Comes The Sun,Here Comes The Sun
793,Back In the U.S.S.R.,Back In the U.S.S.R.
794,Birthday,Birthday
795,Strawberry Fields Forever,Strawberry Fields Forever
796,Hello Goodbye,Hello Goodbye
797,Come Together,Come Together
798,The Ballad Of John And Yoko,The Ballad Of John And Yoko
799,Here Comes The Sun,Here Comes The Sun
800,Back In the U.S.S.R.,Back In the U.S.S.R.
801,All My Loving,Paperback Writer
802,Come Together,Come Together
803,Sgt. Pepper's Lonely Hearts Club Band (Reprise),A Hard Day's Night
804,While My Guitar Gently Weeps,While My Guitar Gently Weeps
805,Magical Mystery Tour,I Feel Fine
806,Come Together,Come Together
807,A Day In The Life,A Day In The Life
808,Here Comes The Sun,Here Comes The Sun
809,Blackbird,Blackbird
810,Revolution,Revolution
811,Let It Be,Let It Be
812,Come Together,Come Together
813,With a Little Help From My Friends,With a Little Help From My Friends
814,Let It Be,Let It Be
815,Hey Jude,Hey Jude
816,Something,Something
817,Revolution,Revolution
818,Come Together,Come Together
819,Love Me Do,LITTLE CHILD
820,Something,Something
821,We Can Work It Out,With a Little Help From My Friends
822,Lady Madonna,Lady Madonna
823,Eight Days A Week,Eight Days A Week
824,A Day In The Life,A Day In The Life
825,Let It Be,Let It Be
826,Get Back,Get Back
827,Get Back,Get Back
828,Revolution,Revolution
829,While My Guitar Gently Weeps,While My Guitar Gently Weeps
830,Rocky Raccoon,I Want To Hold Your Hand
831,Lucy In The Sky With Diamonds,Lucy In The Sky With Diamonds
832,Come Together,Come Together
833,Come Together,Come Together
834,Penny Lane,Twist and Shout
835,Hey Jude,Hey Jude
836,A Day In The Life,A Day In The Life
837,Penny Lane,Penny Lane
838,Hey Jude,Hey Jude
839,Yesterday,Yesterday
840,Back In the U.S.S.R.,Back In the U.S.S.R.
841,Revolution,Revolution
842,Eleanor Rigby,Eleanor Rigby
843,We Can Work It Out,We Can Work It Out
844,Eleanor Rigby,Eleanor Rigby
845,Love Me Do,Cry For A Shadow
846,Hey Jude,Hey Jude
847,Revolution,Revolution
848,Revolution,Revolution
849,Sgt. Pepper Inner Groove,Sgt. Pepper Inner Groove
850,While My Guitar Gently Weeps,While My Guitar Gently Weeps
851,Lady Madonna,Golden Slumbers
852,Magical Mystery Tour,I Feel Fine
853,IT WON'T BE LONG,She's Leaving Home
854,Can't Buy Me Love,Eight Days A Week
855,Birthday,Birthday
856,Get Back,Get Back
857,Magical Mystery Tour,Magical Mystery Tour
858,With a Little Help From My Friends,We Can Work It Out
859,Revolution,Revolution
860,Get Back,Get Back
861,A Day In The Life,A Day In The Life
862,She Loves You,She Loves You
863,Reprise / Day in the Life,Reprise / Day in the Life
864,Baby You're A Rich Man,IT WON'T BE LONG
865,Love Me Do,GIRL
866,Come Together,Come Together
867,Let It Be,Let It Be
868,Something,Something
869,Let It Be,Let It Be
870,A Day In The Life,A Day In The Life
871,Paperback Writer,Paperback Writer
872,Here Comes The Sun,Here Comes The Sun
873,Hey Jude,Hey Jude
874,Get Back,Get Back
875,OH DARLING,OH DARLING
876,All You Need Is Love,I Saw Her Standing There
877,A Day In The Life,A Day In The Life
878,Get Back,Get Back
879,Get Back,Get Back
880,Get Back,Get Back
881,Eleanor Rigby,Eleanor Rigby
882,ANYTIME AT ALL,Everybody's Got Something To Hide Except Me And My Monk
883,Revolution,Revolution
884,Something,Something
885,Sgt. Pepper's Lonely Hearts Club Band (Reprise),I've Got A Feeling
886,Come Together,Come Together
887,Get Back,Get Back
888,Come Together,Come Together
889,With a Little Help From My Friends,With a Little Help From My Friends
890,Help!,Help!
891,Revolution,Revolution
892,Eleanor Rigby,Eleanor Rigby
893,Eight Days A Week,Can't Buy Me Love
894,Revolution,Revolution
895,Yesterday,Yesterday
896,Hello Goodbye,Hello Goodbye
897,Revolution,Revolution
898,Eight Days A Week,Can't Buy Me Love
899,Drive My Car,Drive My Car
900,Back In the U.S.S.R.,Back In the U.S.S.R.
901,Here Comes The Sun,Here Comes The Sun
902,Drive My Car,Drive My Car
903,Magical Mystery Tour,I Feel Fine
904,IN MY LIFE,IN MY LIFE
905,Everybody's Got Something To Hide Except Me And My Monk,Dear Prudence
906,Something,Something
907,Get Back,Get Back
908,Help!,Help!
909,Roll Over Beethoven,Good Day Sunshine
910,Birthday,Birthday
911,Let It Be,Let It Be
912,While My Guitar Gently Weeps,While My Guitar Gently Weeps
913,IT WON'T BE LONG,She's Leaving Home
914,Get Back,Get Back
915,Yesterday,Yesterday
916,Blackbird,Blackbird
917,We Can Work It Out,With a Little Help From My Friends
918,Can't Buy Me Love,Eight Days A Week
919,Back In the U.S.S.R.,Back In the U.S.S.R.
920,With a Little Help From My Friends,We Can Work It Out
921,Getting Better,P.s. I Love You
922,A Day In The Life,A Day In The Life
923,Wild Honey Pie,All You Need Is Love
924,NOWHERE MAN,NOWHERE MAN
925,Get Back,Get Back
926,Let It Be,Let It Be
927,I've Got A Feeling,A Hard Day's Night
928,Come Together,Come Together
929,Hello Goodbye,Hello Goodbye
930,She Loves You,She Loves You
931,Revolution,Revolution
932,Drive My Car,Drive My Car
933,Revolution,Revolution
934,Come Together,Come Together
935,Let It Be,Let It Be
936,Revolution,Revolution
937,Something,Something
938,Birthday,Birthday
939,I Feel Fine,Magical Mystery Tour
940,Revolution,Revolution
941,With a Little Help From My Friends,We Can Work It Out
942,While My Guitar Gently Weeps,While My Guitar Gently Weeps
943,Get Back,Get Back
944,Rocky Raccoon,Fixing A Hole
945,Twist and Shout,Twist and Shout
946,Lucy In The Sky With Diamonds,Lucy In The Sky With Diamonds
947,Here Comes The Sun,Here Comes The Sun
948,Norwegian Wood,ANYTIME AT ALL
949,Here Comes The Sun,Here Comes The Sun
950,Come Together,Come Together
951,Can't Buy Me Love,Eight Days A Week
952,Fixing A Hole,The Fool On The Hill
953,Come Together,Come Together
954,Revolution,Revolution
955,The Ballad Of John And Yoko,The Ballad Of John And Yoko
956,Get Back,Get Back
957,Lady Madonna,Lady Madonna
958,Get Back,Get Back
959,Get Back,Get Back
960,Drive My Car,Drive My Car
961,Get Back,Get Back
962,Get Back,Get Back
963,Come Together,Come Together
964,You Never Give Me Your Money,BAD BOY
965,We Can Work It Out,With a Little Help From My Friends
966,Magical Mystery Tour,Magical Mystery Tour
967,Help!,Help!
968,She's Leaving Home,Getting Better
969,Lucy In The Sky With Diamonds,Lucy In The Sky With Diamonds
970,Strawberry Fields Forever,Strawberry Fields Forever
971,Come Together,Come Together
972,From Me To You,I'll Follow The Sun
973,Reprise / Day in the Life,Reprise / Day in the Life
974,I Saw Her Standing There,I've Just Seen A Face
975,Revolution,Revolution
976,Lucy In The Sky With Diamonds,Lucy In The Sky With Diamonds
977,Lucy In The Sky With Diamonds,Lucy In The Sky With Diamonds
978,She Loves You,She Loves You
979,Get Back,Get Back
980,While My Guitar Gently Weeps,While My Guitar Gently Weeps
981,Sgt. Pepper's Lonely Hearts Club Band,Sgt. Pepper's Lonely Hearts Club Band
982,Help!,Help!
983,Revolution,Revolution
984,Love Me Do,Cry For A Shadow
985,Come Together,Come Together
986,Let It Be,Let It Be
987,Eleanor Rigby,Eleanor Rigby
988,With a Little Help From My Friends,With a Little Help From My Friends
989,Sgt. Pepper's Lonely Hearts Club Band,SHE'S A WOMAN
990,Paperback Writer,All My Loving
991,A Day In The Life,A Day In The Life
992,We Can Work It Out,We Can Work It Out
993,Hey Jude,Hey Jude
994,Come Together,Come Together
995,Get Back,Get Back
996,Here Comes The Sun,Here Comes The Sun
997,A Day In The Life,A Day In The Life
998,Revolution,Revolution
999,A Day In The Life,A Day In The Life
1000,I'm A Loser,Getting Better
1001,Lucy In The Sky With Diamonds,Lucy In The Sky With Diamonds
1002,While My Guitar Gently Weeps,While My Guitar Gently Weeps
1003,Lucy In The Sky With Diamonds,Lucy In The Sky With Diamonds
1004,Can't Buy Me Love,Sgt. Pepper's Lonely Hearts Club Band (Reprise)
1005,Come Together,Come Together
1006,Lucy In The Sky With Diamonds,Lucy In The Sky With Diamonds
1007,Lucy In The Sky With Diamonds,Lucy In The Sky With Diamonds
1008,Come Together,Come Together
1009,While My Guitar Gently Weeps,While My Guitar Gently Weeps
1010,GIRL,Love Me Do
1011,A Day In The Life,A Day In The Life
1012,With a Little Help From My Friends,We Can Work It Out
1013,Sgt. Pepper's Lonely Hearts Club Band,Please Please Me
1014,Hello Goodbye,Hello Goodbye
1015,Revolution,Revolution
1016,While My Guitar Gently Weeps,While My Guitar Gently Weeps
1017,A Day In The Life,A Day In The Life
1018,While My Guitar Gently Weeps,While My Guitar Gently Weeps
1019,ANYTIME AT ALL,Dear Prudence
1020,Lady Madonna,Golden Slumbers
1021,A Day In The Life,A Day In The Life
1022,Revolution,Revolution
1023,Hey Jude,Hey Jude
1024,Come Together,Come Together
1025,Paperback Writer,All My Loving
1026,Revolution,Revolution
1027,Get Back,Get Back
1028,While My Guitar Gently Weeps,While My Guitar Gently Weeps
1029,Hey Jude,Hey Jude
1030,Something,Something
1031,Here Comes The Sun,Here Comes The Sun
1032,Let It Be,Let It Be
1033,A Day In The Life,A Day In The Life
1034,Lucy In The Sky With Diamonds,Lucy In The Sky With Diamonds
1035,Back In the U.S.S.R.,Back In the U.S.S.R.
1036,While My Guitar Gently Weeps,While My Guitar Gently Weeps
1037,Here Comes The Sun,Here Comes The Sun
1038,Hello Goodbye,Hello Goodbye
1039,Let It Be,Let It Be
1040,Come Together,Come Together
1041,Something,Something
1042,Hello Goodbye,Hello Goodbye
1043,Help!,Help!
1044,Eleanor Rigby,Eleanor Rigby
1045,Help!,Help!
1046,Hello Goodbye,Hello Goodbye
1047,Something,Something
1048,While My Guitar Gently Weeps,While My Guitar Gently Weeps
1049,Get Back,Get Back
1050,Eight Days A Week,Can't Buy Me Love
1051,Birthday,Birthday
1052,Lucy In The Sky With Diamonds,Lucy In The Sky With Diamonds
1053,Let It Be,Let It Be
1054,Paperback Writer,Paperback Writer
1055,Back In the U.S.S.R.,Back In the U.S.S.R.
1056,Come Together,Come Together
1057,Sgt. Pepper's Lonely Hearts Club Band,SHE'S A WOMAN
1058,Got To Get You Into My Life,Got To Get You Into My Life
1059,Revolution,Revolution
1060,Eleanor Rigby,Eleanor Rigby
1061,Sgt. Pepper's Lonely Hearts Club Band (Reprise),A Hard Day's Night
1062,Get Back,Get Back
1063,While My Guitar Gently Weeps,While My Guitar Gently Weeps
1064,Back In the U.S.S.R.,Back In the U.S.S.R.
1065,Revolution,Revolution
1066,Reprise / Day in the Life,Reprise / Day in the Life
1067,While My Guitar Gently Weeps,While My Guitar Gently Weeps
1068,"Ob-la-di, Ob-la-da","Ob-la-di, Ob-la-da"
1069,Revolution,Revolution
1070,Back In the U.S.S.R.,Back In the U.S.S.R.
1071,Hey Jude,Hey Jude
1072,Yellow Submarine,A Hard Day's Night
1073,With a Little Help From My Friends,We Can Work It Out
1074,Back In the U.S.S.R.,Back In the U.S.S.R.
1075,Penny Lane,Penny Lane
1076,I've Got A Feeling,I've Got A Feeling
1077,Let It Be,Let It Be
1078,While My Guitar Gently Weeps,While My Guitar Gently Weeps
1079,With a Little Help From My Friends,With a Little Help From My Friends
1080,Strawberry Fields Forever,Strawberry Fields Forever
1081,Come Together,Come Together
1082,We Can Work It Out,We Can Work It Out
1083,A Hard Day's Night,I've Got A Feeling
1084,With a Little Help From My Friends,We Can Work It Out
1085,Revolution,Revolution
1086,Hello Goodbye,Hello Goodbye
1087,Can't Buy Me Love,Eight Days A Week
1088,ROCK AND ROLL MUSIC,Love Me Do
1089,While My Guitar Gently Weeps,While My Guitar Gently Weeps
1090,Drive My Car,Drive My Car
1091,Rocky Raccoon,I Want You (She's So Heavy)
1092,Eleanor Rigby,Eleanor Rigby
1093,Revolution,Revolution
1094,Eleanor Rigby,Eleanor Rigby
1095,Golden Slumbers,Golden Slumbers
1096,While My Guitar Gently Weeps,While My Guitar Gently Weeps
1097,Come Together,Come Together
1098,"Ob-la-di, Ob-la-da","Ob-la-di, Ob-la-da"
1099,Cry For A Shadow,LITTLE CHILD
1100,Back In the U.S.S.R.,Back In the U.S.S.R.
1101,Back In the U.S.S.R.,Back In the U.S.S.R.
1102,Yesterday,Yesterday
1103,Got To Get You Into My Life,Got To Get You Into My Life
1104,Come Together,Come Together
1105,Revolution,Revolution
1106,OH DARLING,OH DARLING
1107,Helter Skelter,Helter Skelter
1108,Magical Mystery Tour,Magical Mystery Tour
1109,Strawberry Fields Forever,Strawberry Fields Forever
1110,Rocky Raccoon,I Want You (She's So Heavy)
1111,Back In the U.S.S.R.,Back In the U.S.S.R.
1112,And Your Bird Can Sing,I Want You (She's So Heavy)
1113,Come Together,Come Together
1114,She Loves You,She Loves You
1115,While My Guitar Gently Weeps,While My Guitar Gently Weeps
1116,Get Back,Get Back
1117,Come Together,Come Together
1118,Lucy In The Sky With Diamonds,Lucy In The Sky With Diamonds
1119,Can't Buy Me Love,Can't Buy Me Love
1120,Come Together,Come Together
1121,Birthday,Birthday
1122,Come Together,Come Together
1123,Revolution,Revolution
1124,We Can Work It Out,We Can Work It Out
1125,Get Back,Get Back
1126,I've Got A Feeling,Yellow Submarine
1127,Hey Jude,Hey Jude
1128,Revolution,Revolution
1129,I Want You (She's So Heavy),And Your Bird Can Sing
1130,While My Guitar Gently Weeps,While My Guitar Gently Weeps
1131,Fixing A Hole,And Your Bird Can Sing
1132,Get Back,Get Back
1133,Back In the U.S.S.R.,Back In the U.S.S.R.
1134,Lady Madonna,Golden Slumbers
1135,Get Back,Get Back
1136,Magical Mystery Tour,Magical Mystery Tour
1137,Come Together,Come Together
1138,With a Little Help From My Friends,We Can Work It Out
1139,Here Comes The Sun,Here Comes The Sun
1140,Reprise / Day in the Life,Reprise / Day in the Life
1141,Let It Be,Let It Be
1142,Eleanor Rigby,Eleanor Rigby
1143,Come Together,Come Together
1144,Get Back,Get Back
1145,With a Little Help From My Friends,We Can Work It Out
1146,Get Back,Get Back
1147,All You Need Is Love,You're Going To Lose That Girl
1148,The Long And Winding Road,Yellow Submarine
1149,While My Guitar Gently Weeps,While My Guitar Gently Weeps
1150,Come Together,Come Together
1151,Hey Jude,Hey Jude
1152,A Day In The Life,A Day In The Life
1153,I've Just Seen A Face,Wild Honey Pie
1154,Let It Be,Let It Be
1155,Hey Jude,Hey Jude
1156,Come Together,Come Together
1157,We Can Work It Out,With a Little Help From My Friends
1158,With a Little Help From My Friends,With a Little Help From My Friends
1159,Sgt. Pepper's Lonely Hearts Club Band,SHE'S A WOMAN
1160,Come Together,Come Together
1161,Hey Jude,Hey Jude
1162,With a Little Help From My Friends,We Can Work It Out
1163,Eleanor Rigby,Eleanor Rigby
1164,Come Together,Come Together
1165,Lucy In The Sky With Diamonds,Lucy In The Sky With Diamonds
1166,A Day In The Life,A Day In The Life
1167,Back In the U.S.S.R.,Back In the U.S.S.R.
1168,Yesterday,Yesterday
1169,Revolution,Revolution
1170,Get Back,Get Back
1171,Eleanor Rigby,Eleanor Rigby
1172,Here Comes The Sun,Here Comes The Sun
1173,Revolution,Revolution
1174,Lucy In The Sky With Diamonds,Lucy In The Sky With Diamonds
1175,Revolution,Revolution
1176,I Am the Walrus,I Am the Walrus
1177,Here Comes The Sun,Here Comes The Sun
1178,With a Little Help From My Friends,We Can Work It Out
1179,Get Back,Get Back
1180,Hey Jude,Hey Jude
1181,Something,Something
1182,Birthday,Birthday
1183,I've Got A Feeling,A Hard Day's Night
1184,Back In the U.S.S.R.,Back In the U.S.S.R.
1185,OH DARLING,OH DARLING
1186,Revolution,Revolution
1187,Twist and Shout,Twist and Shout
1188,Revolution,Revolution
1189,A Day In The Life,A Day In The Life
1190,Back In the U.S.S.R.,Back In the U.S.S.R.
1191,SHE'S A WOMAN,Don't Let Me Down
1192,Birthday,Birthday
1193,Magical Mystery Tour,I Feel Fine
1194,And Your Bird Can Sing,I Want To Hold Your Hand
1195,Help!,Help!
1196,Come Together,Come Together
1197,Come Together,Come Together
1198,While My Guitar Gently Weeps,While My Guitar Gently Weeps
1199,Come Together,Come Together
1200,Lady Madonna,Golden Slumbers
1201,Get Back,Get Back
1202,Magical Mystery Tour,Magical Mystery Tour
1203,We Can Work It Out,We Can Work It Out
1204,A Day In The Life,A Day In The Life
1205,Come Together,Come Together
1206,I've Got A Feeling,A Hard Day's Night
1207,Day Tripper,Things We Said Today
1208,Come Together,Come Together
1209,Back In the U.S.S.R.,Back In the U.S.S.R.
1210,Come Together,Come Together
1211,Lady Madonna,Golden Slumbers
1212,Hello Goodbye,Hello Goodbye
1213,Come Together,Come Together
1214,Back In the U.S.S.R.,Back In the U.S.S.R.
1215,Lucy In The Sky With Diamonds,Lucy In The Sky With Diamonds
1216,Revolution,Revolution
1217,Back In the U.S.S.R.,Back In the U.S.S.R.
1218,Let It Be,Let It Be
1219,Penny Lane,Twist and Shout
1220,Hey Jude,Hey Jude
1221,Hello Goodbye,Hello Goodbye
1222,I Want To Hold Your Hand,I Want To Hold Your Hand
1223,Roll Over Beethoven,Across The Universe
1224,Let It Be,Let It Be
1225,Got To Get You Into My Life,Got To Get You Into My Life
1226,Love Me Do,I'll Follow The Sun
1227,Two Of Us,Day Tripper
1228,A Day In The Life,A Day In The Life
1229,Magical Mystery Tour,Magical Mystery Tour
1230,Get Back,Get Back
1231,Eight Days A Week,Can't Buy Me Love
1232,Get Back,Get Back
1233,Get Back,Get Back
1234,She Loves You,She Loves You
1235,Hello Goodbye,Hello Goodbye
1236,OH DARLING,OH DARLING
1237,A Day In The Life,A Day In The Life
1238,Lucy In The Sky With Diamonds,Lucy In The Sky With Diamonds
1239,I've Got A Feeling,Yellow Submarine
1240,Get Back,Get Back
1241,Get Back,Get Back
1242,Come Together,Come Together
1243,Let It Be,Let It Be
1244,Strawberry Fields Forever,Strawberry Fields Forever
1245,Let It Be,Let It Be
1246,We Can Work It Out,With a Little Help From My Friends
1247,While My Guitar Gently Weeps,While My Guitar Gently Weeps
1248,A Day In The Life,A Day In The Life
1249,Got To Get You Into My Life,Got To Get You Into My Life
1250,Revolution,Revolution
1251,Come Together,Come Together
1252,Birthday,Birthday
1253,Come Together,Come Together
1254,Yesterday,Yesterday
1255,Ticket to Ride,Ticket to Ride
1256,Twist and Shout,Twist and Shout
1257,Let It Be,Let It Be
1258,Wild Honey Pie,I've Just Seen A Face
1259,Get Back,Get Back
1260,I Feel Fine,Magical Mystery Tour
1261,The Ballad Of John And Yoko,The Ballad Of John And Yoko
1262,Drive My Car,Drive My Car
1263,Come Together,Come Together
1264,Lady Madonna,Lady Madonna
1265,Helter Skelter,Helter Skelter
1266,A Day In The Life,A Day In The Life
1267,Magical Mystery Tour,Magical Mystery Tour
1268,While My Guitar Gently Weeps,While My Guitar Gently Weeps
1269,Strawberry Fields Forever,Strawberry Fields Forever
1270,Get Back,Get Back
1271,Eleanor Rigby,Eleanor Rigby
1272,P.s. I Love You,I'm A Loser
1273,Let It Be,Let It Be
1274,Come Together,Come Together
1275,Come Together,Come Together
1276,Things We Said Today,Day Tripper
1277,Birthday,Birthday
1278,Sgt. Pepper's Lonely Hearts Club Band,SHE'S A WOMAN
1279,Get Back,Get Back
1280,The Long And Winding Road,The Long And Winding Road
1281,Love Me Do,LITTLE CHILD
1282,Hello Goodbye,Hello Goodbye
1283,We Can Work It Out,We Can Work It Out
1284,Yesterday,Yesterday
1285,Revolution,Revolution
1286,Birthday,Birthday
1287,BAD BOY,BAD BOY
1288,While My Guitar Gently Weeps,While My Guitar Gently Weeps
1289,Get Back,Get Back
1290,Come Together,Come Together
1291,Lucy In The Sky With Diamonds,Lucy In The Sky With Diamonds
1292,Come Together,Come Together
1293,The Ballad Of John And Yoko,The Ballad Of John And Yoko
1294,Come Together,Come Together
1295,We Can Work It Out,We Can Work It Out
1296,Revolution,Revolution
1297,Reprise / Day in the Life,Reprise / Day in the Life
1298,Hey Jude,Hey Jude
1299,A Day In The Life,A Day In The Life
1300,A Day In The Life,A Day In The Life
1301,Yesterday,Yesterday
1302,"Ob-la-di, Ob-la-da","Ob-la-di, Ob-la-da"
1303,We Can Work It Out,We Can Work It Out
1304,Back In the U.S.S.R.,Back In the U.S.S.R.
1305,I Feel Fine,Magical Mystery Tour
1306,Love Me Do,From Me To You
1307,Back In the U.S.S.R.,Back In the U.S.S.R.
1308,"Ob-la-di, Ob-la-da","Ob-la-di, Ob-la-da"
1309,Two Of Us,Day Tripper
1310,Sgt. Pepper's Lonely Hearts Club Band (Reprise),Sgt. Pepper's Lonely Hearts Club Band (Reprise)
1311,While My Guitar Gently Weeps,While My Guitar Gently Weeps
1312,Birthday,Birthday
1313,Yesterday,Yesterday
1314,Help!,Help!
1315,"Ob-la-di, Ob-la-da","Ob-la-di, Ob-la-da"
1316,Golden Slumbers,Helter Skelter
1317,Let It Be,Let It Be
1318,Come Together,Come Together
1319,With a Little Help From My Friends,We Can Work It Out
